num_workers,batch_size,time_taken
16.0,32.0,4.494519948959351
16.0,64.0,2.7099404335021973
16.0,128.0,1.7044060230255127
16.0,256.0,1.6910982131958008
16.0,512.0,1.7051234245300293
32.0,32.0,4.457996368408203
32.0,64.0,2.472560405731201
32.0,128.0,1.572498083114624
32.0,256.0,1.1942102909088135
32.0,512.0,1.0467298030853271
