num_workers,batch_size,time_taken
4.0,256.0,4.090592384338379
4.0,512.0,4.221194744110107
4.0,1024.0,4.27980899810791
8.0,256.0,2.0886459350585938
8.0,512.0,2.127877950668335
8.0,1024.0,2.382124900817871
16.0,256.0,1.1678647994995117
16.0,512.0,1.2064580917358398
16.0,1024.0,1.4298107624053955
32.0,256.0,0.9222767353057861
32.0,512.0,0.7923226356506348
32.0,1024.0,0.8445734977722168
64.0,256.0,1.0826780796051025
64.0,512.0,0.9673845767974854
64.0,1024.0,0.8809506893157959
